name,address1,city,zip,country,latitude,longitude,price_level,provider_rating,provider_review_count,review_stats_all_average_score,review_stats_all_count,review_stats_all_total_score,review_stats_community_average_score,review_stats_community_count,review_stats_community_total_score,review_stats_critic_average_score,review_stats_critic_count,review_stats_critic_total_score,review_stats_dave_average_score,review_stats_dave_count,review_stats_dave_total_score
1000 Degrees Neapolitan Pizzeria,45 Court St,Boston,2108,US,42.3592396,-71.0589677,2,3.5,36,6.9,7,48.3,6.916666667,6,41.5,0,0,0,6.8,1,6.8
10th Avenue Pizza & Cafe,256 10th Ave,New York,10001,US,40.748746,-74.0031343,1,3.5,24,5.34,5,26.7,4.95,4,19.8,0,0,0,6.9,1,6.9
3 Giovani,548 Laguardia Pl,New York,10012,US,40.7290573,-73.9983778,2,3.5,120,7,2,14,6.3,1,6.3,0,0,0,7.7,1,7.7
310 Bowery Bar,310 Bowery,New York,10012,US,40.7249939,-73.9927133,2,3.5,134,7.9,3,23.7,7.8,2,15.6,0,0,0,8.1,1,8.1
42nd Street Pizza,647 W 42nd St,New York,10036,US,40.7619108,-74.0001507,2,2.5,76,5.4,2,10.8,0,0,0,5.4,1,5.4,5.4,1,5.4
5 Boroughs Pizza,386 Canal St,New York,10013,US,40.721287,-74.0049711,1,3.5,25,4.325,4,17.3,4.633333333,3,13.9,0,0,0,3.4,1,3.4
99 Cent Fresh Pizza,473 Lexington Ave,New York,10017,US,40.7536996,-73.9741132,1,4,118,5.666666667,9,51,5.7625,8,46.1,0,0,0,4.9,1,4.9
A Slice of New York,727 8th Ave,New York,10036,US,40.7596624,-73.9883351,2,2,136,3.257142857,7,22.8,3.116666667,6,18.7,0,0,0,4.1,1,4.1
Acquolina,1600 Stockton St,San Francisco,94133,US,37.8006205,-122.4090769,2,4,426,5.8,4,23.2,5.133333333,3,15.4,0,0,0,7.8,1,7.8
Adoro Lei,287 Hudson St,New York,10013,US,40.7256037,-74.0079092,2,4.5,257,7.733333333,3,23.2,7.7,2,15.4,0,0,0,7.8,1,7.8
Adriatico's New York Style Pizza,1618 Neil Ave,Columbus,43201,US,39.9945638,-83.0141966,2,4,247,6.788888889,9,61.1,6.9625,8,55.7,0,0,0,5.4,1,5.4
Adrienne's Pizzabar,54 Stone St,New York,10004,US,40.7042482,-74.0101127,2,4,1517,7.033333333,12,84.4,7.236363636,11,79.6,0,0,0,4.8,1,4.8
Alphonso's Pizzeria & Trattoria,525 Grand St,New York,10002,US,40.7142926,-73.9817288,1,4,112,5,3,15,4.4,2,8.8,0,0,0,6.2,1,6.2
Amtrak,234 W 31st St,New York,10001,US,40.7496468,-73.993399,0,3,345,0.54,2,1.08,1,1,1,0,0,0,0.08,1,0.08
Angelo Bellini,224 E 53rd St,New York,10022,US,40.7571427,-73.9684855,2,3,109,6.5,4,26,7.3,2,14.6,5.7,1,5.7,5.7,1,5.7
Angelo's Coal Oven Pizzeria,117 W 57th St,New York,10019,US,40.7649042,-73.9779409,2,4,754,8.633640553,217,1873.5,8.630555556,216,1864.2,0,0,0,9.3,1,9.3
Angelo's Pizzeria,1211 Stafford Dr,Princeton,24740,US,37.3627256,-81.0944838,2,3.5,40,5.5,1,5.5,0,0,0,0,0,0,5.5,1,5.5
Antico Pizza,1093 Hemphill Ave NW,Atlanta,30318,US,33.7846405,-84.4056188,2,4,2874,8.27755102,49,405.6,8.277083333,48,397.3,0,0,0,8.3,1,8.3
Aperitivo Pizza Bar,780 3rd Ave,New York,10017,US,40.7550182,-73.9718457,2,3,168,6.8,1,6.8,0,0,0,0,0,0,6.8,1,6.8
Armand's Pizzeria,7650 W North Ave,Elmwood Park,60707,US,41.9089261,-87.8178411,2,3.5,67,7.71,10,77.1,7.777777778,9,70,0,0,0,7.1,1,7.1
Artichoke Basille's Pizza,114 10th Ave,New York,10011,US,40.7440765,-74.0065507,2,3.5,1454,7.878787879,33,260,7.878125,32,252.1,0,0,0,7.9,1,7.9
Arturo's,106 W Houston St,New York,10012,US,40.7273906,-74.0003969,2,4,623,8.066666667,9,72.6,8.285714286,7,58,6.7,1,6.7,7.9,1,7.9
Avalon Downtown Pizzeria,17 W Federal St,Youngstown,44503,US,41.100117,-80.650357,1,4,47,7.5875,8,60.7,7.657142857,7,53.6,0,0,0,7.1,1,7.1
B & W Deli & Pizzeria,373 W 34th St,New York,10001,US,40.7534553,-73.996024,1,3,30,5.6,4,22.4,5.4,3,16.2,0,0,0,6.2,1,6.2
B Side Pizza & Wine Bar,370 W 51st St,New York,10019,US,40.7638919,-73.9882472,2,4.5,977,6.35,2,12.7,6.4,1,6.4,0,0,0,6.3,1,6.3
Backroom Pizza,605 Church St,Ann Arbor,48104,US,42.274698,-83.734342,1,3.5,41,4.9,8,39.2,5.428571429,7,38,0,0,0,1.2,1,1.2
Baker's Pizza,201 Avenue A,New York,10009,US,40.7294404,-73.9812861,1,4.5,175,7.290909091,11,80.2,7.29,10,72.9,0,0,0,7.3,1,7.3
Baldie's Pizza & Subs,78 Main St,Lakeville,2347,US,41.8693793,-70.9320635,2,3.5,35,6.533333333,3,19.6,6.7,2,13.4,0,0,0,6.2,1,6.2
BAR,254 Crown St,New Haven,6511,US,41.3061295,-72.9303245,2,4,1012,7.887755102,49,386.5,7.897916667,48,379.1,0,0,0,7.4,1,7.4
Basile's Pizza,89 Washington St,Hoboken,7030,US,40.7369733,-74.0307767,1,3,238,7.6,39,296.4,7.586842105,38,288.3,0,0,0,8.1,1,8.1
BazbeauxPizza,333 Massachusetts Ave,Indianapolis,46204,US,39.7716299,-86.153288,2,4,568,5.222222222,9,47,5.2375,8,41.9,0,0,0,5.1,1,5.1
Bearno's By the Bridge,131 W Main St,Louisville,40202,US,38.2565366,-85.7530056,2,3,116,6.45,4,25.8,6.1,2,12.2,7.2,1,7.2,6.4,1,6.4
Bella Blu,967 Lexington Ave,New York,10021,US,40.7692221,-73.9628197,3,3.5,212,7.8,2,15.6,8.4,1,8.4,0,0,0,7.2,1,7.2
Bella Vita Pizzeria,158 W 58th St,New York,10019,US,40.7656728,-73.9788018,1,3.5,156,5.55,4,22.2,5.466666667,3,16.4,0,0,0,5.8,1,5.8
Belleria Pizzeria,5625 Mahoning Ave,Youngstown,44515,US,41.0992203,-80.7669492,1,3,9,6.8,1,6.8,0,0,0,0,0,0,6.8,1,6.8
Belmora Pizza & Restaurant,139 E 57th St,New York,10022,US,40.761057,-73.9687578,1,2.5,64,5.06,5,25.3,4.725,4,18.9,0,0,0,6.4,1,6.4
Benny Marzano's,110 Draper Rd NW,Blacksburg,24060,US,37.229311,-80.4149952,1,4,111,8.092857143,14,113.3,8.169230769,13,106.2,0,0,0,7.1,1,7.1
Benny Tudino's Pizzeria,622 Washington St,Hoboken,7030,US,40.7442476,-74.0291561,1,3.5,606,6.795454545,22,149.5,6.795238095,21,142.7,0,0,0,6.8,1,6.8
Ben's Pizzeria,123 MacDougal St,New York,10012,US,40.7303784,-74.0003231,1,3.5,256,5.95,8,47.6,6.028571429,7,42.2,0,0,0,5.4,1,5.4
Best Pizza,33 Havemeyer St,Brooklyn,11211,US,40.7156098,-73.9535064,1,3.5,525,8.525925926,108,920.8,8.520560748,107,911.7,0,0,0,9.1,1,9.1
Bianchi's Pizza,322 Revere Beach Blvd,Revere,2151,US,42.4195497,-70.986745,1,4,204,8.671428571,14,121.4,8.707692308,13,113.2,0,0,0,8.2,1,8.2
Big Lou's Pizza,2048 S Ww White Rd,San Antonio,78222,US,29.3942955,-98.4041595,2,3.5,625,6.85,10,68.5,7.077777778,9,63.7,0,0,0,4.8,1,4.8
Big Nick's Burger & Pizza Joint Too,70 W 71st St,New York,10023,US,40.7764537,-73.9790728,2,3,362,4.2,1,4.2,0,0,0,0,0,0,4.2,1,4.2
Biggie's Pizza,1333 3rd St N,Jacksonville Beach,32250,US,30.3010239,-81.3939898,1,4.5,324,7.604,25,190.1,7.708333333,24,185,0,0,0,5.1,1,5.1
Bill's Pizzeria Kitchen + Grille,14 Main St,Hopkinton,1748,US,42.229138,-71.5200453,2,3,57,6.26,5,31.3,6.225,4,24.9,0,0,0,6.4,1,6.4
Black Sheep Pizza - Minneapolis,2550 Nicollet Ave S,Minneapolis,55404,US,44.9557263,-93.2781621,2,3.5,118,7.99787234,47,375.9,7.991304348,46,367.6,0,0,0,8.3,1,8.3
Black Square Pizza,44 9th Ave,New York,10011,US,40.7410115,-74.0048657,2,3,29,6.766666667,3,20.3,7.05,2,14.1,0,0,0,6.2,1,6.2
Bleecker Street Pizza,69 7th Ave S,New York,10014,US,40.7322097,-74.003375,1,4,2000,7.319148936,47,344,7.32826087,46,337.1,0,0,0,6.9,1,6.9
Bonanno's New York Pizzeria,3900 Las Vegas Blvd S,Las Vegas,89109,US,36.09551,-115.1760672,2,3,62,4.5,5,22.5,4.825,4,19.3,0,0,0,3.2,1,3.2
Bonanno's New York Pizzeria,MGM Hotel & Casino Food Court,Las Vegas,89109,US,36.102576,-115.1702533,2,3,115,4.008333333,12,48.1,4.081818182,11,44.9,0,0,0,3.2,1,3.2
Bond 45,221 W 46th St,New York,10036,US,40.7593741,-73.9861745,2,3.5,600,6.6,6,39.6,6.725,4,26.9,6.2,1,6.2,6.5,1,6.5
Borrelli's,1580 Hempstead Tpke,East Meadow,11554,US,40.7225396,-73.5777702,2,3.5,150,7.881578947,38,299.5,7.881081081,37,291.6,0,0,0,7.9,1,7.9
Bricco Ristorante Italiano,304 W 56th St,New York,10019,US,40.7660301,-73.984036,2,3.5,126,8.133333333,3,24.4,7.8,1,7.8,9.8,1,9.8,6.8,1,6.8
Brick Oven Pizza 33,489 Third Ave,New York,10016,US,40.7450509,-73.9782801,1,3,290,7.736363636,33,255.3,7.721875,32,247.1,0,0,0,8.2,1,8.2
Brier Hill Pizza & Wings,587 5th St,Youngstown,44471,US,41.0553955,-80.6038747,0,4,5,7,1,7,0,0,0,0,0,0,7,1,7
Broadway Pizza & Restaurant,2709 Broadway,New York,10025,US,40.7996265,-73.9686711,1,3,57,6.6,5,33,6.7,4,26.8,0,0,0,6.2,1,6.2
Bronx Pizza,111 Washington St,San Diego,92103,US,32.7496568,-117.1634597,1,4.5,3233,8.405882353,51,428.7,8.412,50,420.6,0,0,0,8.1,1,8.1
Brooklyn Pizza Masters,1055 1st Ave,New York,10022,US,40.7586551,-73.9630182,0,4.5,82,8.0975,40,323.9,8.087179487,39,315.4,0,0,0,8.5,1,8.5
Brooklyn's Homeslice Pizzeria,567 Vanderbilt Ave,Brooklyn,11238,US,40.6806956,-73.9674607,1,4.5,94,7.728571429,7,54.1,7.783333333,6,46.7,0,0,0,7.4,1,7.4
Brother's Pizzeria,750 Port Richmond Ave,Staten Island,10302,US,40.6255479,-74.1437917,1,4,195,8.396296296,27,226.7,8.415384615,26,218.8,0,0,0,7.9,1,7.9
Brunetti Pizza,626 Hudson St,New York,10014,US,40.7382727,-74.0053786,2,4,272,7.754545455,11,85.3,7.71,10,77.1,0,0,0,8.2,1,8.2
Bruno Bros Pizza,5549 Mahoning Ave,Austintown,44515,US,41.0984394,-80.7660943,1,3.5,6,6.25,2,12.5,6.1,1,6.1,0,0,0,6.4,1,6.4
Buca di Beppo Italian Restaurant,1540 Broadway,New York,10036,US,40.7580741,-73.9847908,2,3.5,355,4.1,2,8.2,0,0,0,7,1,7,1.2,1,1.2
Buchetta Brick Oven Pizza,201 W 103rd St,New York,10025,US,40.7987416,-73.9673646,2,4,203,6.7,1,6.7,0,0,0,0,0,0,6.7,1,6.7
Buckhead Pizza,3324 Peachtree Rd,Atlanta,30326,US,33.8455184,-84.3689686,2,3,405,6.75,6,40.5,6.475,4,25.9,7.4,1,7.4,7.2,1,7.2
Buddy's Pizza,22148 Michigan Ave,Dearborn,48124,US,42.3057179,-83.247297,2,4,282,8.015384615,13,104.2,8.05,12,96.6,0,0,0,7.6,1,7.6
Café Crust,850 County Rd 39,Southampton,11968,US,40.8920639,-72.425907,2,3.5,101,7.242857143,7,50.7,7.25,6,43.5,0,0,0,7.2,1,7.2
Cafe Daniello's,1072 2nd Ave,New York,10022,US,40.7587907,-73.9653527,2,3,94,7.657692308,26,199.1,7.64,25,191,0,0,0,8.1,1,8.1
Cafe Fiorello,1900 Broadway,New York,10023,US,40.771542,-73.9814645,3,3.5,696,7.55,2,15.1,7.9,1,7.9,0,0,0,7.2,1,7.2
Cafe Viva,2578 Broadway,New York,10025,US,40.7952921,-73.9707437,1,3.5,213,4.8,4,19.2,5.8,3,17.4,0,0,0,1.8,1,1.8
Canal Pizza,89 Canal St,New York,10002,US,40.7155652,-73.9934694,1,4,9,5.815,4,23.26,7.4,2,14.8,6.76,1,6.76,1.7,1,1.7
Cape Cod Cafe,979 Main St,Brockton,2301,US,42.0660348,-71.0165789,2,4,164,8.916666667,18,160.5,8.941176471,17,152,0,0,0,8.5,1,8.5
Capizzi,547 9th Ave,New York,10018,US,40.7574739,-73.9936489,2,4.5,728,7.9,7,55.3,8.033333333,6,48.2,0,0,0,7.1,1,7.1
Caputo's Pizzeria,Home Depot Plz,Saratoga Springs,12866,US,43.1008889,-73.7424231,1,3,70,7.825,16,125.2,7.806666667,15,117.1,0,0,0,8.1,1,8.1
Carmine's Pizzeria,358 Graham Ave,Brooklyn,11211,US,40.7149868,-73.9441688,1,4,406,7.658333333,12,91.9,7.645454545,11,84.1,0,0,0,7.8,1,7.8
Carve,760 8th Ave,New York,10036,US,40.7601189,-73.9872281,1,3.5,345,5.445454545,11,59.9,5.58,10,55.8,0,0,0,4.1,1,4.1
Casa D'amici,485 High St,Morgantown,26505,US,39.6319501,-79.9542123,1,3,42,5.854545455,11,64.4,5.79,10,57.9,0,0,0,6.5,1,6.5
Casabianca Pizzeria,503 W 57th St,New York,10019,US,40.7694782,-73.9888845,1,3,48,7.122222222,9,64.1,7.1625,8,57.3,0,0,0,6.8,1,6.8
Casey's General Store,1987 2nd St,Coralville,52241,US,41.6796112,-91.5906823,1,2,3,7.6,2,15.2,10,1,10,0,0,0,5.2,1,5.2
Cassiano's Pizza,930 3rd Ave,New York,10022,US,40.7595458,-73.9683607,1,3,102,6.2,10,62,6.0625,8,48.5,6.9,1,6.9,6.6,1,6.6
Catfish Biff's Pizza & Subs,75 W 11th Ave,Columbus,43201,US,39.9951727,-83.0094102,1,3.5,52,6.685714286,7,46.8,7.6,6,45.6,0,0,0,1.2,1,1.2
Champion Pizza,17 Cleveland Pl,New York,10012,US,40.7215205,-73.9970345,1,4.5,243,7.25,18,130.5,7.2,17,122.4,0,0,0,8.1,1,8.1
Cheesy Pizza,2640 Broadway,New York,10025,US,40.7971889,-73.9695729,1,3,95,6.12,5,30.6,6.125,4,24.5,0,0,0,6.1,1,6.1
Cheetah Pizza,5125 Edina Industrial Blvd,Edina,55439,US,44.8633027,-93.3540843,1,3.5,13,4.2,2,8.4,5,1,5,0,0,0,3.4,1,3.4
Chelsea Pizza 23,268 W 23rd St,New York,10011,US,40.7450574,-73.9983379,1,3,68,5.9,1,5.9,0,0,0,0,0,0,5.9,1,5.9
Chilmark General Store,7 State Rd,Chilmark,2535,US,41.3420782,-70.74509,2,4,46,6.8,3,20.4,6.9,2,13.8,0,0,0,6.6,1,6.6
Chuck E. Cheese's,2250 Coastal Ln,West Melbourne,32904,US,28.0773373,-80.7047651,2,3,16,6,1,6,0,0,0,0,0,0,6,1,6
Churchill Downs,700 Central Ave,Louisville,40208,US,38.2042473,-85.7716305,0,4.5,251,0.2,1,0.2,0,0,0,0,0,0,0.2,1,0.2
Ciao Vineria con Cucina,178 Mulberry St,New York,10012,US,40.7206548,-73.9966534,2,3,166,7.7,1,7.7,0,0,0,0,0,0,7.7,1,7.7
Ciro's Pizzeria & Beerhouse,536 Market St,San Diego,92101,US,32.7116571,-117.1594319,1,3.5,725,6.987096774,31,216.6,6.973333333,30,209.2,0,0,0,7.4,1,7.4
Claudio Pizzeria,598 10th Ave,New York,10036,US,40.7603494,-73.9946144,1,3,71,6.52,5,32.6,6.55,4,26.2,0,0,0,6.4,1,6.4
Colasante's Ristorante & Pub,416 Fairmont Rd,Morgantown,26501,US,39.634409,-79.971237,2,3.5,29,6.7,5,33.5,6.725,4,26.9,0,0,0,6.6,1,6.6
Colony Grill,172 Myrtle Ave,Stamford,6902,US,41.0507692,-73.527249,2,4,368,8.028571429,49,393.4,8.020833333,48,385,0,0,0,8.4,1,8.4
Company,230 9th Ave,New York,10001,US,40.7471546,-74.0005218,2,3.5,549,7.2,1,7.2,0,0,0,0,0,0,7.2,1,7.2
Corner Slice,600 11th Ave,New York,10036,US,40.7623377,-73.9967579,1,4,74,7.45,12,89.4,7.472727273,11,82.2,0,0,0,7.2,1,7.2
Cosmo's Original Little Italy Pizza,144 E Crogan St,Lawrenceville,30045,US,33.956041,-83.9876325,1,3.5,91,7.244444444,9,65.2,7.2625,8,58.1,0,0,0,7.1,1,7.1
Cossetta Alimentari,211 7th St W,Saint Paul,55102,US,44.9438376,-93.1040853,2,4,706,7.31,20,146.2,7.336842105,19,139.4,0,0,0,6.8,1,6.8
Costco,20 Bridewell Pl,Clifton,7014,US,40.8315592,-74.1375757,0,3.5,76,4.8,5,24,5.525,4,22.1,0,0,0,1.9,1,1.9
Cottage Inn Pizza - Ann Arbor,546 Packard St,Ann Arbor,48104,US,42.2719869,-83.7421382,1,3,61,4.56,5,22.8,4.925,4,19.7,0,0,0,3.1,1,3.1
Cucina Bene,41 Exchange Pl,New York,10005,US,40.705987,-74.010097,1,3.5,91,6.727777778,18,121.1,6.705882353,17,114,0,0,0,7.1,1,7.1
D Napoli Pizza,906 3rd Ave,New York,10022,US,40.758842,-73.9689802,1,3,38,5.2,1,5.2,0,0,0,0,0,0,5.2,1,5.2
Da Gennaro,129 Mulberry St,New York,10013,US,40.7183603,-73.9979471,2,4,771,6.525,4,26.1,6.633333333,3,19.9,0,0,0,6.2,1,6.2
Da Nico Ristorante,164 Mulberry St,New York,10013,US,40.719646,-73.9969371,2,3.5,649,6.92,5,34.6,7.2,4,28.8,0,0,0,5.8,1,5.8
Da Nonna Rosa,140 7th Ave,Brooklyn,11215,US,40.6728736,-73.9768734,2,4,293,6.533333333,6,39.2,6.34,5,31.7,0,0,0,7.5,1,7.5
Da Vinci Pizza,46 Water St,New York,10041,US,40.7036197,-74.0099715,1,3,18,4.15,2,8.3,5.8,1,5.8,0,0,0,2.5,1,2.5
Daniela Trattoria,728 8th Ave,New York,10036,US,40.7592788,-73.9880805,2,3.5,389,5.75,4,23,7.15,2,14.3,5.1,1,5.1,3.6,1,3.6
Dani's House of Pizza,81-28 Lefferts Blvd,Kew Gardens,11415,US,40.7089715,-73.8305343,1,3.5,887,7.634782609,23,175.6,7.645454545,22,168.2,0,0,0,7.4,1,7.4
Deli On Madison,420 Madison Ave,New York,10017,US,40.7570116,-73.9765061,1,2.5,50,6,2,12,0,0,0,5.9,1,5.9,6.1,1,6.1
Denino's Greenwich Village,93 Macdougal St,New York,10012,US,40.7294111,-74.0011691,2,4,160,8.1875,32,262,8.161290323,31,253,0,0,0,9,1,9
Denino's Pizzeria Tavern,524 Port Richmond Ave,Staten Island,10302,US,40.6302068,-74.1402479,2,4,646,8.351111111,45,375.8,8.356818182,44,367.7,0,0,0,8.1,1,8.1
Di Fara Pizza,1424 Ave J,Brooklyn,11230,US,40.6249664,-73.9615259,2,4,3213,8.928671329,143,1276.8,8.925352113,142,1267.4,0,0,0,9.4,1,9.4
Dirty Water Dough,222 Newbury St,Boston,2116,US,42.3497463,-71.0810917,1,4,390,7.46744186,43,321.1,7.476190476,42,314,0,0,0,7.1,1,7.1
Don Antonio,309 W 50th St,New York,10019,US,40.7627178,-73.9867076,2,4,1293,6.946666667,15,104.2,7.555555556,9,68,5.96,5,29.8,6.4,1,6.4
Don Giovanni Ristorante,214 10th Ave,New York,10011,US,40.7473469,-74.0042175,2,3,241,6.7,5,33.5,7.225,4,28.9,0,0,0,4.6,1,4.6
Dona Bella Pizza,154 Church St,New York,10007,US,40.7151451,-74.0079738,1,3,177,6.830769231,13,88.8,6.8,12,81.6,0,0,0,7.2,1,7.2
Double Zero,65 2nd Ave,New York,10003,US,40.726083,-73.989775,2,4,395,5.25,6,31.5,4.6,5,23,0,0,0,8.5,1,8.5
Ducali,289 Causeway St,Boston,2114,US,42.3670789,-71.0581116,2,3.5,267,7.58,13,98.54,7.566666667,12,90.8,0,0,0,7.74,1,7.74
Dulono's Pizza,118 N 4th St,Minneapolis,55401,US,44.9819829,-93.2729943,2,3,52,6.185714286,7,43.3,6.5,5,32.5,4.5,1,4.5,6.3,1,6.3
East Village Pizza,145 1st Ave,New York,10003,US,40.7282177,-73.9850845,1,4,174,8.3,44,365.2,8.306976744,43,357.2,0,0,0,8,1,8
Eataly Boston,800 Boylston St,Boston,2199,US,42.3473912,-71.0820284,2,3.5,809,7.7875,8,62.3,7.942857143,7,55.6,0,0,0,6.7,1,6.7
Eddie & Sam's NY Pizza,203 E Twiggs St,Tampa,33602,US,27.9488577,-82.4591727,1,4.5,874,7.536956522,46,346.7,7.546666667,45,339.6,0,0,0,7.1,1,7.1
Emily - West Village,35 Downing St,New York,10014,US,40.7293862,-74.0037767,2,4,424,7.66,10,76.6,7.711111111,9,69.4,0,0,0,7.2,1,7.2
Emmett's,50 Macdougal St,New York,10012,US,40.7273153,-74.0024806,2,4,435,7.885714286,7,55.2,7.9,6,47.4,0,0,0,7.8,1,7.8
Empire Slice House,1804 NW 16th St,Oklahoma City,73106,US,35.485709,-97.541423,1,4.5,866,7.82173913,23,179.9,7.836363636,22,172.4,0,0,0,7.5,1,7.5
Emporio,231 Mott St,New York,10012,US,40.7225943,-73.9952614,2,4,716,7.1,1,7.1,0,0,0,0,0,0,7.1,1,7.1
Encore Beach Club,3131 Las Vegas Blvd S,Las Vegas,89109,US,36.1271069,-115.1648303,3,3.5,808,1.4,1,1.4,0,0,0,0,0,0,1.4,1,1.4
Enzo Bruni La Pizza Gourmet,353 W 14th St,New York,10014,US,40.7409959,-74.0046301,1,4,10,7.985714286,7,55.9,8.05,6,48.3,0,0,0,7.6,1,7.6
Evel Pie,508 Fremont St,Las Vegas,89101,US,36.1692503,-115.1400711,1,4.5,573,6.2,19,117.8,6.216666667,18,111.9,0,0,0,5.9,1,5.9
F & M Slice Pizza,153 Ave C,New York,10009,US,40.7257098,-73.9779639,1,3,12,0.2,1,0.2,0,0,0,0,0,0,0.2,1,0.2
Famous Amadeus Pizza,408 8th Ave,New York,10001,US,40.7498097,-73.9947843,1,3,206,6.042857143,7,42.3,6.1,6,36.6,0,0,0,5.7,1,5.7
Famous Ben's Pizza,177 Spring St,New York,10012,US,40.7249388,-74.0024003,1,3,321,7.786206897,29,225.8,7.775,28,217.7,0,0,0,8.1,1,8.1
Famous Famiglia Pizzeria,488 8th Ave,New York,10001,US,40.7524427,-73.9930147,1,3,101,6.980769231,26,181.5,6.964,25,174.1,0,0,0,7.4,1,7.4
Famous Original Ray's Pizza,204 9th Ave,New York,10011,US,40.7459915,-74.0013473,1,3,106,5.828571429,7,40.8,5.766666667,6,34.6,0,0,0,6.2,1,6.2
Farinella Bakery Pizza,788 Lexington Ave,New York,10065,US,40.7637673,-73.967344,2,3,151,6.025,4,24.1,5.966666667,3,17.9,0,0,0,6.2,1,6.2
Fat Lorenzo's,5600 Cedar Ave S,Minneapolis,55417,US,44.9007915,-93.2477362,2,4,270,6.016666667,6,36.1,6.55,4,26.2,5.8,1,5.8,4.1,1,4.1
Felcaro Pizzeria,280 Cambridge St,Boston,2114,US,42.360973,-71.068077,1,3,150,6.471428571,7,45.3,6.683333333,6,40.1,0,0,0,5.2,1,5.2
Fellini's Pizza,1991 Howell Mill Rd NW,Atlanta,30318,US,33.8091393,-84.4126296,1,4,305,7.2,11,79.2,7.2,10,72,0,0,0,7.2,1,7.2
Fenway Park,4 Yawkey Way,Boston,2115,US,42.3459093,-71.0988281,0,4.5,1218,3.255555556,9,29.3,3.3625,8,26.9,0,0,0,2.4,1,2.4
Filaga Pizzeria,75 9th Ave,New York,10011,US,40.7424509,-74.0059581,1,3.5,63,7.542857143,7,52.8,7.566666667,6,45.4,0,0,0,7.4,1,7.4
Filippi's Pizza Grotto Pacific Beach,962 Garnet Ave,San Diego,92109,US,32.797433,-117.2523779,2,3.5,313,5.55,4,22.2,5.166666667,3,15.5,0,0,0,6.7,1,6.7
Fiore's Pizza,165 Bleecker St,New York,10012,US,40.7288479,-74.000013,1,4,177,7.15625,16,114.5,7.166666667,15,107.5,0,0,0,7,1,7
Five50 Pizza Bar,3730 Las Vegas Blvd S,Las Vegas,89109,US,36.1073485,-115.1765836,2,4,716,6.757894737,19,128.4,6.788888889,18,122.2,0,0,0,6.2,1,6.2
Florina Pizzeria & Paninoteca,16 Derne St,Boston,2114,US,42.3595409,-71.0634498,2,4.5,76,7.724,25,193.1,7.704166667,24,184.9,0,0,0,8.2,1,8.2
Football Pizza,1517 Como Ave SE,Minneapolis,55414,US,44.9880028,-93.2300315,2,4.5,60,7.1,2,14.2,7.4,1,7.4,0,0,0,6.8,1,6.8
Fox's Pizza Den,709 Ruffner Ave,Charleston,25311,US,38.3462309,-81.6203919,0,3,7,1.2,1,1.2,0,0,0,0,0,0,1.2,1,1.2
Francesca's Restaurant & Pizzeria,9 Ponquogue Ave,Hampton Bays,11946,US,40.8778717,-72.5227702,2,3.5,74,7.2,4,28.8,7.5,3,22.5,0,0,0,6.3,1,6.3
Francesco's Pizzeria,186 Columbus Ave,New York,10023,US,40.775197,-73.980691,1,3.5,194,7.223809524,21,151.7,7.136842105,19,135.6,8,1,8,8.1,1,8.1
Frank From Philly & Andrea Pizza,1235 4th St. SE,Minneapolis,55414,US,44.9813871,-93.2373204,1,4,89,6.88,10,68.8,6.8125,8,54.5,8,1,8,6.3,1,6.3
Frank Pepe Pizzeria Napoletana,157 Wooster St,New Haven,6511,US,41.3029994,-72.9169202,2,4,2287,8.722164948,194,1692.1,8.723316062,193,1683.6,0,0,0,8.5,1,8.5
Frank Pepe Pizzeria Napoletana - Chestnut Hill,199 Boylston St,Chestnut Hill,2467,US,42.3215125,-71.1756718,2,3.5,331,8.679104478,67,581.5,8.668181818,66,572.1,0,0,0,9.4,1,9.4
Frank's Trattoria,371 1st Ave,New York,10010,US,40.7360768,-73.9793407,2,3.5,116,7.871428571,7,55.1,7.883333333,6,47.3,0,0,0,7.8,1,7.8
Freddie & Pepper's,303 Amsterdam Ave,New York,10023,US,40.7800257,-73.9803588,1,4,423,7.62,45,342.9,7.609090909,44,334.8,0,0,0,8.1,1,8.1
Friendly Gourmet Pizza,59 Nassau St,New York,10038,US,40.7092384,-74.0088627,1,3.5,52,6.23,7,43.61,6.5,5,32.5,6.31,1,6.31,4.8,1,4.8
Full Moon Pizzeria,600 E 187th St,Bronx,10458,US,40.8553028,-73.8875914,1,4,242,7.2875,8,58.3,7.442857143,7,52.1,0,0,0,6.2,1,6.2
Fusaro's,17 Old S Rd,Nantucket,2554,US,41.2683804,-70.0858313,2,3,57,7.4,2,14.8,7.4,1,7.4,0,0,0,7.4,1,7.4
Galleria Umberto,289 Hanover St,Boston,2113,US,42.3637083,-71.0542803,1,4.5,597,8.044444444,27,217.2,8.1,26,210.6,0,0,0,6.6,1,6.6
Garlic New York Pizza Bar,629 2nd Ave,New York,10016,US,40.7451535,-73.975869,1,3.5,396,7.563636364,11,83.2,7.64,10,76.4,0,0,0,6.8,1,6.8
Gaslight Pizzeria,39 9th Ave,New York,10014,US,40.7407714,-74.0058204,2,2.5,56,4.9,1,4.9,0,0,0,0,0,0,4.9,1,4.9
Gato,324 Lafayette St,New York,10012,US,40.7256063,-73.9952614,3,4,1044,8.325,4,33.3,8.333333333,3,25,0,0,0,8.3,1,8.3
Gennaro's Pizza Parlor,46 Marion Ave,Saratoga Springs,12866,US,43.0913224,-73.7710902,2,4,108,6.863636364,11,75.5,6.82,10,68.2,0,0,0,7.3,1,7.3
Georgio Pizzeria,20 Beaver St,New York,10004,US,40.7048308,-74.0123163,1,3,114,5.9,8,47.2,5.828571429,7,40.8,0,0,0,6.4,1,6.4
Georgio's Gourmet Pizza,11 W Division St,Chicago,60610,US,41.9038129,-87.6291833,1,2.5,53,2.775,4,11.1,3.333333333,3,10,0,0,0,1.1,1,1.1
Geo's Pizza,2849 N Harlem Ave,Chicago,60707,US,41.9322675,-87.8062738,2,4.5,50,7.36,5,36.8,7.425,4,29.7,0,0,0,7.1,1,7.1
Gino's East - Magnificent Mile,162 E Superior St,Chicago,60611,US,41.8959836,-87.6230343,0,5,2,6.926666667,15,103.9,6.978571429,14,97.7,0,0,0,6.2,1,6.2
Giordano's,730 N Rush St,Chicago,60611,US,41.895939,-87.6256378,2,3.5,2460,8.080597015,67,541.4,8.075757576,66,533,0,0,0,8.4,1,8.4
Giordano's Restaurant,18 Lake Ave,Oak Bluffs,2557,US,41.4571614,-70.5572867,2,3.5,139,6.5,4,26,6.4,3,19.2,0,0,0,6.8,1,6.8
Girello,11 Varick St,New York,10013,US,40.71961,-74.0070307,2,3.5,34,6.9,1,6.9,0,0,0,0,0,0,6.9,1,6.9
Giuseppe's Pizza,341 Lexington Ave,New York,10016,US,40.7496668,-73.9769653,1,3.5,90,6.916666667,6,41.5,7.2,4,28.8,6.5,1,6.5,6.2,1,6.2
Gnocco,337 E 10th St,New York,10009,US,40.7271342,-73.9802714,2,3.5,410,7.866666667,3,23.6,8.1,2,16.2,0,0,0,7.4,1,7.4
Good Pie,725 S Las Vegas Blvd,Las Vegas,89101,US,36.1612877,-115.1456299,1,4.5,199,8.1,11,89.1,8.19,10,81.9,0,0,0,7.2,1,7.2
Goodfellas Pizzeria,545 Massachusetts Ave,Indianapolis,46204,US,39.774472,-86.1495484,1,4,233,7.778181818,55,427.8,7.772222222,54,419.7,0,0,0,8.1,1,8.1
GoreMade Pizza,936 N 4th St,Columbus,43201,US,39.9821407,-82.9984713,2,4,106,7.8625,16,125.8,7.893333333,15,118.4,0,0,0,7.4,1,7.4
Gotham Pizza,144 9th Ave,New York,10011,US,40.7438893,-74.003031,1,3.5,149,6.9,4,27.6,6.9,3,20.7,0,0,0,6.9,1,6.9
Grimaldi's,1 Front St,Brooklyn,11201,US,40.70261,-73.9932413,2,3.5,4451,8.421428571,28,235.8,8.437037037,27,227.8,0,0,0,8,1,8
Halftime Pizza,115 Causeway St,Boston,2114,US,42.3650917,-71.0615271,1,3.5,132,7.52195122,82,616.8,7.501234568,81,607.6,0,0,0,9.2,1,9.2
Harry's Italian,2 Gold St,New York,10038,US,40.7074723,-74.0068304,2,3.5,542,7.8,9,70.2,7.771428571,7,54.4,8.1,1,8.1,7.7,1,7.7
Harry's Italian Pizza Bar,30 Rockefeller Plz,New York,10112,US,40.7593755,-73.9799726,1,3.5,125,7.6,15,114,7.621428571,14,106.7,0,0,0,7.3,1,7.3
Hawthorne's NY Pizza & Bar,1701 E 7th St,Charlotte,28204,US,35.21582,-80.821622,2,4,194,7.028571429,7,49.2,7.133333333,6,42.8,0,0,0,6.4,1,6.4
Highline Pizza,503 W 28th St,New York,10001,US,40.7510941,-74.0022306,1,4,106,4.3,3,12.9,5.6,2,11.2,0,0,0,1.7,1,1.7
Home Slice Pizza,501 E 53rd St,Austin,78751,US,30.3159643,-97.7184605,2,4.5,203,6.95,14,97.3,7.038461538,13,91.5,0,0,0,5.8,1,5.8
Iggy's Pizzeria,173 1st Ave,New York,10003,US,40.7292588,-73.9843651,1,3.5,86,5.82,5,29.1,5.725,4,22.9,0,0,0,6.2,1,6.2
Ignazio's,4 Water St,Brooklyn,11201,US,40.7031257,-73.9936086,2,3,426,8.351612903,62,517.8,8.345901639,61,509.1,0,0,0,8.7,1,8.7
Il Corallo Trattoria,176 Prince St,New York,10012,US,40.7261754,-74.0019233,2,4,865,7.1,1,7.1,0,0,0,0,0,0,7.1,1,7.1
Il Forno Pizza,343 2nd Ave,New York,10003,US,40.736006,-73.9825421,1,3,49,6.266666667,3,18.8,6.25,2,12.5,0,0,0,6.3,1,6.3
Il Mattone West Village,450 Hudson St,New York,10014,US,40.7312196,-74.0065106,0,5,25,7.544444444,9,67.9,7.5,8,60,0,0,0,7.9,1,7.9
Il Piccolo Bufalo,141 Mulberry St,New York,10013,US,40.7188558,-73.9979012,2,3.5,220,6.725,4,26.9,5.25,2,10.5,9,1,9,7.4,1,7.4
Imperial Pizza,1035 Abbott Rd,Buffalo,14220,US,42.8359733,-78.8072699,1,4,163,7.56,20,151.2,7.6,19,144.4,0,0,0,6.8,1,6.8
Intrepid Summer Movie Series,Pier 86 W 46th St 12th Ave,New York,10036,US,40.7645266,-73.9996076,0,3.5,4,2.7,1,2.7,0,0,0,0,0,0,2.7,1,2.7
IPizzaNY,707 9th Ave,New York,10019,US,40.7626772,-73.9900119,1,3,45,5.675,4,22.7,6.866666667,3,20.6,0,0,0,2.1,1,2.1
Isola,19 Church St,Edgartown,2539,US,41.3907962,-70.5145215,2,4,84,5.15,2,10.3,4.2,1,4.2,0,0,0,6.1,1,6.1
Italian Village Pizzeria,1494 1st Ave,New York,10075,US,40.7714577,-73.9529963,1,3.5,199,7.273684211,19,138.2,7.25,18,130.5,0,0,0,7.7,1,7.7
Jekyll & Hyde,91 7th Ave S,New York,10014,US,40.7327781,-74.0029512,2,2.5,665,1.9,1,1.9,0,0,0,0,0,0,1.9,1,1.9
Jiannetto's Pizza Truck,47th St & Park Ave,New York,10017,US,40.760405,-73.9874535,1,4,20,8.4,6,50.4,8.225,4,32.9,9.4,1,9.4,8.1,1,8.1
Joe & Pat's Pizzeria,168 1st Ave,New York,10009,US,40.728906,-73.9840414,2,4,84,8.664150943,53,459.2,8.669230769,52,450.8,0,0,0,8.4,1,8.4
Joe G Pizza & Restaurant,244 W 56th St,New York,10019,US,40.7656166,-73.9830259,2,4,121,6.9,1,6.9,0,0,0,0,0,0,6.9,1,6.9
Joe's Pizza,111 Broadway,Santa Monica,90401,US,34.0132137,-118.4962533,1,3.5,1034,7.855813953,43,337.8,7.845238095,42,329.5,0,0,0,8.3,1,8.3
Joe's Pizza,7 Carmine St,New York,10014,US,40.7305876,-74.002141,1,4,2202,8.297520661,121,1004,8.295833333,120,995.5,0,0,0,8.5,1,8.5
Joe's Pizza,211 8th Ave,New York,10011,US,40.743953,-73.999752,1,2.5,48,6.19,10,61.9,6.011111111,9,54.1,0,0,0,7.8,1,7.8
Joey Pepperoni's Pizza,493 2nd Ave,New York,10016,US,40.7409664,-73.9789915,1,4,74,5.4,4,21.6,5.233333333,3,15.7,0,0,0,5.9,1,5.9
Joey's Pizzeria,197 Lower County Rd,Dennis Port,2639,US,41.6573714,-70.1406268,2,3.5,58,6.888888889,9,62,6.8375,8,54.7,0,0,0,7.3,1,7.3
John & Tony's,1097 1st Ave,New York,10065,US,40.7604259,-73.9616128,1,3,86,6.433333333,3,19.3,6.3,2,12.6,0,0,0,6.7,1,6.7
Johnny Pepperoni,219 11th St,Hoboken,7030,US,40.7501463,-74.0296929,2,4,321,8.36,10,83.6,8.444444444,9,76,0,0,0,7.6,1,7.6
Johnny's Pizzeria,30 W Lincoln Ave,Mount Vernon,10550,US,40.9176619,-73.8393793,2,4.5,229,9.064102564,78,707,9.063636364,77,697.9,0,0,0,9.1,1,9.1
John's of Bleecker Street,278 Bleecker St,New York,10014,US,40.7316187,-74.0034468,2,4,1754,8.883098592,568,5045.6,8.882363316,567,5036.3,0,0,0,9.3,1,9.3
John's of Times Square,260 W 44th St,New York,10036,US,40.7582117,-73.9883958,2,3.5,1953,8.4,121,1016.4,8.405042017,119,1000.2,7.8,1,7.8,8.4,1,8.4
J's Pizza,98 7th Ave,New York,10011,US,40.7398901,-73.9989915,1,4,113,6.366666667,3,19.1,6.15,2,12.3,0,0,0,6.8,1,6.8
Juliana's Pizza,19 Old Fulton St,Brooklyn,11201,US,40.7027359,-73.9934479,2,4.5,1921,8.211538462,26,213.5,8.264,25,206.6,0,0,0,6.9,1,6.9
Julian's Italian Pizzeria & Kitchen,6462 N New Braunfels Ave,San Antonio,78209,US,29.4895746,-98.4588608,2,4,100,7.810714286,28,218.7,7.807407407,27,210.8,0,0,0,7.9,1,7.9
Justino's Pizzeria,881 10th Ave,New York,10019,US,40.7695645,-73.9886224,1,3.5,197,4.92,5,24.6,5.3,4,21.2,0,0,0,3.4,1,3.4
Justino's Pizzeria,77 Pearl St,New York,10004,US,40.7040298,-74.01048,1,3.5,112,7.632258065,31,236.6,7.64,30,229.2,0,0,0,7.4,1,7.4
Kesté Pizza & Vino,271 Bleecker St,New York,10014,US,40.7315345,-74.0029626,2,4,1333,7.211111111,9,64.9,7.142857143,7,50,8.5,1,8.5,6.4,1,6.4
Kinchley's Tavern,586 N Franklin Tpke,Ramsey,7446,US,41.0776986,-74.1387265,2,4,548,7.836956522,46,360.5,7.844444444,45,353,0,0,0,7.5,1,7.5
King Umberto's of Elmont,1343 Hempstead Tpke,Elmont,11003,US,40.7079094,-73.6900874,2,4.5,356,8.39,20,167.8,8.405263158,19,159.7,0,0,0,8.1,1,8.1
King's Pizza,325 Coronado Dr,Clearwater,33767,US,27.972532,-82.8282307,1,4,125,5.84,5,29.2,6.7,4,26.8,0,0,0,2.4,1,2.4
Kiss My Slice,401 E 57th St,New York,10022,US,40.7584227,-73.9626049,0,4,16,4.733333333,3,14.2,3.55,2,7.1,0,0,0,7.1,1,7.1
Kiss My Slice,274 W 40th St,New York,10018,US,40.7557265,-73.9905152,1,4,178,6.488235294,17,110.3,6.466666667,15,97,7,1,7,6.3,1,6.3
Krispy Pizza,33 Hudson St,Jersey City,7302,US,40.7132,-74.0355525,1,4,158,7.9,14,110.6,8.030769231,13,104.4,0,0,0,6.2,1,6.2
L & B Spumoni Gardens,2725 86th St,Brooklyn,11223,US,40.5947441,-73.9813041,1,4,3372,8.337209302,86,717,8.348235294,85,709.6,0,0,0,7.4,1,7.4
La Bellezza,145 E 49th St,New York,10017,US,40.7558161,-73.9720294,1,4,248,7.236,25,180.9,7.2125,24,173.1,0,0,0,7.8,1,7.8
La Bellezza Pizza,315 Broadway,New York,10007,US,40.7157456,-74.0053843,2,3.5,13,7.3,4,29.2,7.366666667,3,22.1,0,0,0,7.1,1,7.1
La Gusto Pizza,382 8th Ave,New York,10001,US,NA,NA,1,3.5,28,4.075,4,16.3,4.366666667,3,13.1,0,0,0,3.2,1,3.2
La Margarita Pizza,168 Ludlow St,New York,10002,US,40.721395,-73.9874389,1,4.5,259,7.528571429,28,210.8,7.511111111,27,202.8,0,0,0,8,1,8
La Mia Pizza,1488 1st Ave,New York,10075,US,40.771291,-73.95318,1,3,176,7.07,10,70.7,6.75,8,54,10,1,10,6.7,1,6.7
La Nonna Krispy Krust Pizza,175 Kent Ave,Brooklyn,11211,US,40.7179382,-73.9637027,0,5,11,8.25,2,16.5,9.1,1,9.1,0,0,0,7.4,1,7.4
La Pizza Fresca Ristorante,31 E 20th St,New York,10003,US,40.739047,-73.988895,2,3,143,7.1,1,7.1,0,0,0,0,0,0,7.1,1,7.1
La Rossa,267 Lafayette St,New York,10012,US,40.7234824,-73.9964503,0,3.5,15,6.68,5,33.4,7.15,4,28.6,0,0,0,4.8,1,4.8
La Trattoria,844 2nd Ave,New York,10017,US,40.7515735,-73.970671,1,2.5,52,6.64,5,33.2,6.6,4,26.4,0,0,0,6.8,1,6.8
LA Traviata Pizzeria,101 W 68th St,New York,10023,US,40.7750717,-73.980868,1,3.5,157,5.725,4,22.9,6.25,2,12.5,5,1,5,5.4,1,5.4
La Vera Pizzeria & Restaurant,922 2nd Ave,New York,10017,US,40.7540761,-73.9688452,1,3,84,6.711111111,9,60.4,6.775,8,54.2,0,0,0,6.2,1,6.2
Lazzara's Pizza,221 W 38th St,New York,10018,US,40.7540255,-73.9895336,2,3.5,232,8.511374408,211,1795.9,8.507619048,210,1786.6,0,0,0,9.3,1,9.3
Lee's Tavern,60 Hancock St,Staten Island,10305,US,40.5887642,-74.0951739,2,4.5,444,8.281578947,38,314.7,8.291891892,37,306.8,0,0,0,7.9,1,7.9
Leone's Pizza,5413 Sinclair Rd,Columbus,43229,US,40.0755657,-82.9982614,2,4.5,104,8.072727273,11,88.8,8.1,10,81,0,0,0,7.8,1,7.8
Libretto's Pizzeria,546 3rd Ave,New York,10016,US,40.7473317,-73.977338,1,3.5,152,6.390909091,11,70.3,6.64,10,66.4,0,0,0,3.9,1,3.9
Lil' Frankie's,19 1st Ave,New York,10003,US,40.7236056,-73.9884144,2,4,977,7.853333333,15,117.8,7.807142857,14,109.3,0,0,0,8.5,1,8.5
L'industrie Pizzeria,254 S 2nd St,Brooklyn,11211,US,40.7115836,-73.9578707,1,5,399,7.95,22,174.9,7.952380952,21,167,0,0,0,7.9,1,7.9
Lions & Tigers & Squares Detroit Pizza,268 W 23rd St,New York,10011,US,40.7450574,-73.9983379,1,4.5,261,7.517241379,29,218,7.532142857,28,210.9,0,0,0,7.1,1,7.1
Little Gio's Pizza,26 1st Ave,New York,10009,US,40.7236857,-73.9877463,1,3.5,24,4.655555556,9,41.9,4.5,8,36,0,0,0,5.9,1,5.9
Little Italy Pizza,55 W 45th St,New York,10036,US,40.7564841,-73.9814704,1,4,433,5.807692308,13,75.5,5.941666667,12,71.3,0,0,0,4.2,1,4.2
Little Italy Pizza,50 Fulton St,New York,10038,US,40.7081961,-74.0047955,1,3.5,78,6.4,16,102.4,6.364285714,14,89.1,7,1,7,6.3,1,6.3
Little Vincent's Pizza,329 New York Ave,Huntington,11743,US,40.8709751,-73.4264444,1,4,337,7.808695652,23,179.6,7.854545455,22,172.8,0,0,0,6.8,1,6.8
Lombardi's Pizza,32 Spring St,New York,10012,US,40.7216368,-73.9957205,2,4,5797,7.673529412,34,260.9,7.718181818,33,254.7,0,0,0,6.2,1,6.2
Lombardi's pizza,290 8th Ave,New York,10001,US,40.7462466,-73.9974449,0,4,62,7.882352941,17,134,7.86875,16,125.9,0,0,0,8.1,1,8.1
Lorenzo & Sons Pizza,305 S St,Philadelphia,19147,US,39.956304,-75.241707,1,3.5,598,6.187179487,39,241.3,6.178947368,38,234.8,0,0,0,6.5,1,6.5
Lou Malnati's Pizzeria,1120 N State St,Chicago,60610,US,41.9026134,-87.6288955,2,4,1343,7.765909091,44,341.7,7.755813953,43,333.5,0,0,0,8.2,1,8.2
Louie & Ernie's Pizza,1300 Crosby Ave,Bronx,10461,US,40.838259,-73.8286389,1,4.5,245,8.051851852,27,217.4,8.061538462,26,209.6,0,0,0,7.8,1,7.8
Louie's Pizza,118 Main St,Woburn,1801,US,42.4709405,-71.1502244,2,4.5,128,8.225,28,230.3,8.251851852,27,222.8,0,0,0,7.5,1,7.5
Love & Dough,57 Pearl St,DUMBO,11201,US,40.7029363,-73.9874841,2,3,141,7.3,4,29.2,7.233333333,3,21.7,0,0,0,7.5,1,7.5
Lucali,575 Henry St,Brooklyn,11231,US,40.6818032,-74.0003087,2,4.5,1280,9.079069767,43,390.4,9.073809524,42,381.1,0,0,0,9.3,1,9.3
Lucali,1930 Bay Rd,Miami Beach,33139,US,25.7951979,-80.1439705,2,4,443,8.809677419,31,273.1,8.85862069,29,256.9,8.1,1,8.1,8.1,1,8.1
Luigi's Gourmet Grill,936 8th Ave,New York,10019,US,40.7655642,-73.9834047,1,3.5,169,8,5,40,7.975,4,31.9,0,0,0,8.1,1,8.1
Luigi's Pizza,936 8th Ave,New York,10019,US,40.7655642,-73.9834047,1,3.5,59,7.724324324,37,285.8,7.705555556,36,277.4,0,0,0,8.4,1,8.4
Luna Ristorante,115 Mulberry St,New York,10013,US,40.7176916,-73.9984062,2,3,132,6.82,5,34.1,7.075,4,28.3,0,0,0,5.8,1,5.8
Lynwood Cafe,320 Center St,Randolph,2368,US,42.1521674,-71.0306641,1,4,295,8.66,35,303.1,8.679411765,34,295.1,0,0,0,8,1,8
Made In New York Pizza,421 Amsterdam Ave,New York,10024,US,40.7838392,-73.9775697,1,4.5,127,7.954545455,22,175,7.957142857,21,167.1,0,0,0,7.9,1,7.9
Majestic Pizza,8 Cortlandt St,New York,10007,US,40.7100713,-74.0103149,1,3.5,127,7.062264151,53,374.3,7.003921569,51,357.2,10,1,10,7.1,1,7.1
Mama Mia's Restaurant,185 Ballston Ave,Saratoga Springs,12866,US,43.0699236,-73.7946879,2,3.5,106,6.755555556,9,60.8,6.675,8,53.4,0,0,0,7.4,1,7.4
Mama Rosa Pizza and Pasta,332 Union Ave,Rutherford,7070,US,40.8366184,-74.1139253,1,3.5,61,7.585714286,7,53.1,7.75,6,46.5,0,0,0,6.6,1,6.6
Mama's Pizza,961 Rice St,Saint Paul,55117,US,44.9703571,-93.1062382,1,4.5,213,8.25,8,66,8.357142857,7,58.5,0,0,0,7.5,1,7.5
Mama's Pizzeria,941 Amsterdam Ave,New York,10025,US,40.8004768,-73.9653026,1,3,82,6.8,2,13.6,6.7,1,6.7,0,0,0,6.9,1,6.9
MAMA'S TOO!,2750 Broadway,New York,10025,US,40.8008324,-73.9675901,2,3.5,186,7.314285714,14,102.4,7.353846154,13,95.6,0,0,0,6.8,1,6.8
Manhattan Brick Oven Pizza,1159 3rd Ave,New York,10065,US,40.7668083,-73.9625052,2,3,16,6.727272727,11,74,6.4,9,57.6,8.5,1,8.5,7.9,1,7.9
Manhattan Pizzeria,133 Manhattan Beach Blvd,Manhattan Beach,90266,US,33.884818,-118.411124,1,3.5,285,5.82,5,29.1,5.925,4,23.7,0,0,0,5.4,1,5.4
Marcello's Pizza & Subs,3655 Roswell Rd NE,Atlanta,30342,US,33.8553969,-84.3813317,2,3.5,94,6.716666667,6,40.3,5.725,4,22.9,10,1,10,7.4,1,7.4
Margherita NYC,197 Grand St,New York,10013,US,40.7190658,-73.9969894,2,4,269,8.04,5,40.2,8.2,4,32.8,0,0,0,7.4,1,7.4
Mariella Pizza,965 Lexington Ave,New York,10021,US,40.7691562,-73.9628311,1,3.5,101,6.883333333,6,41.3,6.88,5,34.4,0,0,0,6.9,1,6.9
Mariella Pizza,935 8th Ave,New York,10019,US,40.7657404,-73.9838982,1,3.5,206,5.125,4,20.5,5.6,3,16.8,0,0,0,3.7,1,3.7
Marinara Pizza,985 1st Ave,New York,10022,US,40.7565439,-73.9644294,1,3.5,68,6.9375,8,55.5,6.885714286,7,48.2,0,0,0,7.3,1,7.3
Marino's Pizza,46 W Circular St,Saratoga Springs,12866,US,43.0757068,-73.7903663,2,4,59,6.333333333,3,19,6.45,2,12.9,0,0,0,6.1,1,6.1
Mario's Classic Pizza,742 Garden St,Hoboken,7030,US,40.7462614,-74.030223,1,3.5,86,8.1,9,72.9,8.2125,8,65.7,0,0,0,7.2,1,7.2
Mediterraneo Restaurant,1260 2nd Ave,New York,10065,US,40.7650144,-73.9608725,2,3,265,5.133333333,3,15.4,3,1,3,6.6,1,6.6,5.8,1,5.8
Melani Pizzeria,170 Rivington St,New York,10002,US,40.719207,-73.9845869,1,4,58,7.175,4,28.7,5.95,2,11.9,10,1,10,6.8,1,6.8
Mellow Mushroom,11770 Haynes Bridge Rd,Alpharetta,30009,US,34.0697338,-84.2945836,2,3,52,6.95,2,13.9,7.8,1,7.8,0,0,0,6.1,1,6.1
Merilu Pizza Al Metro,791 9th Ave,New York,10019,US,40.7652916,-73.9880763,1,4,477,7.773333333,15,116.6,7.623076923,13,99.1,9.3,1,9.3,8.2,1,8.2
Mike's Pizza,415 2nd Ave,New York,10010,US,40.7385388,-73.9806841,1,3.5,84,7.4,11,81.4,7.37,10,73.7,0,0,0,7.7,1,7.7
Mister O1- South Beach,1680 Michigan Ave,Miami Beach,33139,US,25.7917344,-80.1390831,2,4.5,672,8.55,24,205.2,8.534782609,23,196.3,0,0,0,8.9,1,8.9
Modern Apizza,874 State St,New Haven,6511,US,41.3138627,-72.9129505,2,4,967,8.655294118,170,1471.4,8.65443787,169,1462.6,0,0,0,8.8,1,8.8
Monte's Restaurant,141 Eastern Ave,Lynn,1902,US,42.4720842,-70.925399,1,3,86,8.176470588,51,417,8.14,50,407,0,0,0,10,1,10
Moto Pizza,8 Merchant's Rd,Sandwich,2563,US,41.7668396,-70.5062036,2,4.5,70,7.75,6,46.5,8.06,5,40.3,0,0,0,6.2,1,6.2
Motorino,349 E 12th St,New York,10003,US,40.7303785,-73.9838136,2,3.5,1055,8.2875,8,66.3,8.385714286,7,58.7,0,0,0,7.6,1,7.6
Muse Pizza,44 Surfside Rd,Nantucket,2554,US,41.267011,-70.0999493,1,2.5,14,6.1,2,12.2,6.3,1,6.3,0,0,0,5.9,1,5.9
Muzzarella Pizza,221 Ave A,New York,10009,US,40.730205,-73.9807302,1,3.5,127,7.375,4,29.5,7.633333333,3,22.9,0,0,0,6.6,1,6.6
My Pie Pizzeria Romana,690 Lexington Ave,New York,10022,US,40.7606993,-73.9695477,1,4.5,633,5.86,5,29.3,6.25,4,25,0,0,0,4.3,1,4.3
Naked City Pizza Shop,3240 S Arville St,Las Vegas,89102,US,36.1307814,-115.1988255,2,4,591,6.8,3,20.4,7.4,2,14.8,0,0,0,5.6,1,5.6
Naples 45 Ristorante E Pizzeria,The Metlife Building,New York,10166,US,40.7535178,-73.9767512,2,3.5,345,5.1,1,5.1,0,0,0,0,0,0,5.1,1,5.1
Napolese Pizzeria,30 S Meridian St,Indianapolis,46204,US,39.76629,-86.158305,2,4,228,7.333333333,6,44,7.625,4,30.5,9.4,1,9.4,4.1,1,4.1
Napoli Pizza,301 N Atlantic Ave,Daytona Beach,32118,US,29.2315464,-81.0107463,1,2.5,70,6.433333333,6,38.6,6.8,4,27.2,4.8,1,4.8,6.6,1,6.6
Napoli's Brick Oven Pizza,1118 Washington St,Hoboken,7030,US,40.7507591,-74.0271827,2,3.5,436,7.725925926,27,208.6,7.738461538,26,201.2,0,0,0,7.4,1,7.4
Neapolitan Express,40 Wall St,New York,10005,US,40.7068657,-74.0097069,2,3.5,168,7.425,16,118.8,7.38,15,110.7,0,0,0,8.1,1,8.1
New Park Pizza,15671 Crossbay Blvd,Howard Beach,11414,US,40.6627285,-73.8404131,1,4,655,8.349315068,73,609.5,8.356944444,72,601.7,0,0,0,7.8,1,7.8
New York Pizza Depot,605 E William St,Ann Arbor,48104,US,42.2779976,-83.7417239,1,3.5,254,5.738461538,13,74.6,5.766666667,12,69.2,0,0,0,5.4,1,5.4
New York Sal's Pizza,696 10th Ave,New York,10019,US,40.763707,-73.9920697,1,3,54,6.86,10,68.6,6.833333333,9,61.5,0,0,0,7.1,1,7.1
Nick's Pizza,1814 2nd Ave,New York,10128,US,40.7827162,-73.9478073,2,4,489,7.7,5,38.5,8.233333333,3,24.7,7.2,1,7.2,6.6,1,6.6
Nicoletta Pizzeria,160 2nd Ave,New York,10003,US,40.7297781,-73.9865052,2,3.5,284,8.183333333,6,49.1,8.2,5,41,0,0,0,8.1,1,8.1
Nino's 46,39 W 46th St,New York,10036,US,40.7569012,-73.980518,2,4,1055,5.6,2,11.2,0,0,0,4.3,1,4.3,6.9,1,6.9
Nizza,630 9th Ave,New York,10036,US,40.759987,-73.9912338,2,3.5,686,6.8,1,6.8,0,0,0,0,0,0,6.8,1,6.8
Not Ray's Pizza,690 Fulton St,Brooklyn,11217,US,40.6860591,-73.9742104,1,4,184,5.533333333,3,16.6,5,2,10,0,0,0,6.6,1,6.6
Nove Italian Restaurant,707 Rt 9,Gansevoort,12831,US,43.1360475,-73.7701491,2,4,80,8.45,4,33.8,8.4,3,25.2,0,0,0,8.6,1,8.6
Numero 28 Pizzeria - West Village,28 Carmine St,New York,10014,US,40.7300735,-74.0027807,2,4,441,8.6,3,25.8,8.8,2,17.6,0,0,0,8.2,1,8.2
NY Pizza Suprema,413 8th Ave,New York,10001,US,40.750205,-73.995321,1,4,1729,7.891071429,112,883.8,7.888288288,111,875.6,0,0,0,8.2,1,8.2
Oath Pizza - East 67th Street,1142 3rd Ave,New York,10065,US,40.7664835,-73.9633564,2,4,69,5.775,8,46.2,5.671428571,7,39.7,0,0,0,6.5,1,6.5
Oath Pizza - Nantucket,44 Straight Wharf,Nantucket,2554,US,41.2847682,-70.094344,2,4,54,8.483333333,6,50.9,8.32,5,41.6,0,0,0,9.3,1,9.3
Olio e Piú,3 Greenwich Ave,New York,10014,US,40.7338794,-73.9999408,2,4,1607,5.75,2,11.5,6.3,1,6.3,0,0,0,5.2,1,5.2
Open Market,15 William St,New York,10005,US,40.705371,-74.0100717,2,2.5,54,0.1,1,0.1,0,0,0,0,0,0,0.1,1,0.1
Ovest Pizzoteca by Luzzo's,513 W 27th St,New York,10001,US,40.7507787,-74.0030054,2,4,486,7.65,2,15.3,8.4,1,8.4,0,0,0,6.9,1,6.9
Palermo's 95th,4849 W 95th St,Oak Lawn,60453,US,41.7197804,-87.7424228,2,3.5,379,9,14,126,9.169230769,13,119.2,0,0,0,6.8,1,6.8
Palio Pizzeria,435 Main St,Hyannis,2601,US,41.6519358,-70.2854937,2,4,145,7.575,8,60.6,7.585714286,7,53.1,0,0,0,7.5,1,7.5
Pasquale Jones,187 Mulberry St,New York,10012,US,40.7210784,-73.9967554,3,3.5,193,8.114285714,7,56.8,8.25,6,49.5,0,0,0,7.3,1,7.3
Pasta Lovers,142 W 49th St,New York,10019,US,40.7599841,-73.9828704,2,3.5,281,5.65,2,11.3,6.5,1,6.5,0,0,0,4.8,1,4.8
Patrizia's Pizza and Pasta,462-466 2nd Ave,New York,10016,US,40.7399505,-73.9789431,2,4,491,7.7125,8,61.7,7.685714286,7,53.8,0,0,0,7.9,1,7.9
Patsy's Pizzeria,2287 1st Ave,New York,10035,US,40.7971469,-73.934857,2,4,759,8.448648649,37,312.6,8.444444444,36,304,0,0,0,8.6,1,8.6
Patsy's Pizzeria,801 2nd Ave,New York,10017,US,40.7504432,-73.9720574,2,3.5,210,8.373529412,34,284.7,8.366666667,33,276.1,0,0,0,8.6,1,8.6
Patzeria Perfect Pizza,231 W 46th St,New York,10036,US,40.7594681,-73.9867714,1,4,1531,6.616666667,6,39.7,6.85,4,27.4,7.3,1,7.3,5,1,5
Paulie Gee's,60 Greenpoint Ave,Brooklyn,11222,US,40.7294956,-73.9585644,2,4.5,1156,8.183333333,6,49.1,8.36,5,41.8,0,0,0,7.3,1,7.3
Paulie Gee's Slice Shop,110 Franklin St,Brooklyn,11222,US,40.7283642,-73.957175,0,4,94,7.272727273,22,160,7.266666667,21,152.6,0,0,0,7.4,1,7.4
Pazza Notte,1375 Avenue Of The Americas,New York,10019,US,40.7635749,-73.9781737,2,3.5,680,6.15,2,12.3,7.5,1,7.5,0,0,0,4.8,1,4.8
Pazzo's Pizza Pub,385 S Limestone,Lexington,40508,US,38.0419078,-84.5038044,2,3.5,163,7.475,8,59.8,7.614285714,7,53.3,0,0,0,6.5,1,6.5
Pepe Giallo,195 10th Ave,New York,10011,US,40.746892,-74.005017,2,4,553,7.7,3,23.1,7.7,2,15.4,0,0,0,7.7,1,7.7
Pequod's Pizzeria,2207 N Clybourn Ave,Chicago,60614,US,41.9219194,-87.6642989,2,4,5245,7.995522388,67,535.7,8.004545455,66,528.3,0,0,0,7.4,1,7.4
Percy's Pizza,190 Bleecker St,New York,10012,US,40.7290373,-74.0015817,1,4,211,5.933333333,6,35.6,6.375,4,25.5,4,1,4,6.1,1,6.1
Phil's Pizza,226 Varick St,New York,10014,US,40.7290939,-74.005017,1,4,38,7.45,4,29.8,7.25,2,14.5,7.6,1,7.6,7.7,1,7.7
Pi Pizzeria,11 W Creek Rd,Nantucket,2564,US,41.2721365,-70.0909947,2,3.5,94,8.266666667,3,24.8,8.1,2,16.2,0,0,0,8.6,1,8.6
Picasso Pizza,303 S End Ave,New York,10280,US,40.7103852,-74.0164692,1,3,109,4.74,10,47.4,4.4,8,35.2,8,1,8,4.2,1,4.2
Picciotto NYC,300 Park Ave,New York,10022,US,40.7570209,-73.9746695,1,4,15,7.133333333,3,21.4,6.5,2,13,0,0,0,8.4,1,8.4
Pie Pie Pizza,924 Columbus Ave,New York,10025,US,40.7989045,-73.9634659,1,4.5,68,7.4,6,44.4,7.42,5,37.1,0,0,0,7.3,1,7.3
Pies & Pints - Lexington,401 W Main St,Lexington,40507,US,38.049415,-84.4999733,2,4,361,8.003448276,29,232.1,8.010714286,28,224.3,0,0,0,7.8,1,7.8
Pies on Wheels,267 Union Ave,Saratoga Springs,12866,US,43.0739705,-73.7679799,0,4,106,6.5,1,6.5,0,0,0,0,0,0,6.5,1,6.5
PieTana,210 Rosemont Gdn,Lexington,40503,US,38.0190885,-84.5218707,2,4.5,46,7.375,4,29.5,7.8,3,23.4,0,0,0,6.1,1,6.1
Pisa Pizza,321 1st Ave,New York,10003,US,40.7342727,-73.9807805,1,4,32,5.9,2,11.8,3.7,1,3.7,0,0,0,8.1,1,8.1
Piu Bello Pizzeria Restaurant,3330 Piedmont Rd NE,Atlanta,30305,US,33.8457987,-84.3744938,1,4,256,6.616666667,6,39.7,6.75,4,27,6.8,1,6.8,5.9,1,5.9
Pizza Al Fresco,14 Via Mizner,Palm Beach,33480,US,26.7009344,-80.0403344,2,3.5,111,7.54,5,37.7,8.875,4,35.5,0,0,0,2.2,1,2.2
Pizza Al's,2952 University Ave,Morgantown,26505,US,39.6501191,-79.9648861,1,3.5,34,5.8,7,40.6,5.7,6,34.2,0,0,0,6.4,1,6.4
Pizza Barbone,390 Main St,Hyannis,2601,US,41.6528616,-70.2840462,2,4.5,330,8.077777778,9,72.7,8.125,8,65,0,0,0,7.7,1,7.7
Pizza Barn,70 McLean Ave,Yonkers,10705,US,40.9187903,-73.8937123,2,4,320,7.463157895,19,141.8,7.477777778,18,134.6,0,0,0,7.2,1,7.2
Pizza By Certé,132 E 56th St,New York,10022,US,40.7603114,-73.9700904,1,4,392,6.9,2,13.8,7.2,1,7.2,0,0,0,6.6,1,6.6
Pizza Da Solo,550 Madison Ave,New York,10022,US,40.7615215,-73.9735986,2,3,26,7.8,1,7.8,0,0,0,0,0,0,7.8,1,7.8
Pizza Girls WPB,114 S Clematis St,West Palm Beach,33401,US,26.7128713,-80.0502288,1,3.5,215,5.9625,8,47.7,5.828571429,7,40.8,0,0,0,6.9,1,6.9
Pizza House,618 Church St,Ann Arbor,48104,US,42.2743004,-83.7349799,2,3.5,384,6.773333333,15,101.6,6.771428571,14,94.8,0,0,0,6.8,1,6.8
Pizza Italia,307 W 17th St,New York,10011,US,40.741945,-74.0014362,1,4,196,4.075,4,16.3,4.033333333,3,12.1,0,0,0,4.2,1,4.2
Pizza Joint,1245 Broad St,Augusta,30901,US,33.4786227,-81.9734034,1,3,110,6.4,3,19.2,6.3,2,12.6,0,0,0,6.6,1,6.6
Pizza Land,260 Belleville Tpke,North Arlington,7031,US,40.7816474,-74.1379771,1,3.5,69,7.35,8,58.8,7.314285714,7,51.2,0,0,0,7.6,1,7.6
Pizza Luce,119 N 4th St,Minneapolis,55401,US,44.9817509,-93.2735502,2,4,515,5.7,15,85.5,5.728571429,14,80.2,0,0,0,5.3,1,5.3
Pizza Park,1233 1st Ave,New York,10021,US,40.764447,-73.958677,1,3.5,280,6.75,8,54,7.142857143,7,50,0,0,0,4,1,4
Pizza Pete's,528 Columbus Ave,New York,10024,US,40.7862402,-73.9725922,1,3.5,136,6.671428571,14,93.4,6.630769231,13,86.2,0,0,0,7.2,1,7.2
Pizza Rock,201 N 3rd St,Las Vegas,89101,US,36.1718292,-115.1423178,2,4,2219,7.108333333,36,255.9,7.102857143,35,248.6,0,0,0,7.3,1,7.3
Pizza Rollio,261 W 18th St,New York,10011,US,40.7422264,-74.000314,2,4.5,36,6.4,3,19.2,6.3,2,12.6,0,0,0,6.6,1,6.6
Pizza Town USA,89 US Hwy 46,Elmwood Park,7407,US,40.8937863,-74.1100941,1,3.5,342,7.797058824,34,265.1,7.806060606,33,257.6,0,0,0,7.5,1,7.5
Pizzarita's,245 E Commerce St,San Antonio,78205,US,29.424703,-98.4899903,1,3,145,6.283333333,6,37.7,6.44,5,32.2,0,0,0,5.5,1,5.5
PizzArte,69 W 55th St,New York,10019,US,40.7629267,-73.9774423,2,4,981,7.735,20,154.7,7.715789474,19,146.6,0,0,0,8.1,1,8.1
Pomodoro Pizza,14 Rector St,New York,10006,US,40.7080776,-74.0136934,1,3.5,10,5.6,4,22.4,5.1,2,10.2,8,1,8,4.2,1,4.2
Pomodoro Ristorante & Pizzeria,51 Spring St,New York,10012,US,40.7221166,-73.9963862,1,3.5,323,6.528571429,7,45.7,7.3,5,36.5,5,1,5,4.2,1,4.2
Poopsie's,243 Church St,Pembroke,2359,US,42.107555,-70.762957,1,3.5,112,7.863636364,11,86.5,7.89,10,78.9,0,0,0,7.6,1,7.6
Pope's Italian Restaurant,232 Washington St,Saratoga Springs,12866,US,43.0794291,-73.8005422,1,3,60,7.7,4,30.8,7.533333333,3,22.6,0,0,0,8.2,1,8.2
Posto,310 2nd Ave,New York,10003,US,40.7348297,-73.9828007,2,4,580,6.9,4,27.6,6.9,2,13.8,7,1,7,6.8,1,6.8
PQR,1631 2nd Ave,New York,10028,US,40.7771534,-73.952629,1,4,131,6.88,10,68.8,7.025,8,56.2,6.5,1,6.5,6.1,1,6.1
Pranzo Pizza & Pasta,34 Water St,New York,10004,US,40.7033479,-74.0108472,1,4,102,6.62,5,33.1,6.8,4,27.2,0,0,0,5.9,1,5.9
Previti Pizza,123 E 41st St,New York,10168,US,40.7510051,-73.9767973,1,4,380,5,6,30,5.02,5,25.1,0,0,0,4.9,1,4.9
Primavera Pizza & Pasta,1005 2nd Ave,New York,10022,US,40.7570286,-73.9672695,1,3,71,6.155555556,9,55.4,6.0875,8,48.7,0,0,0,6.7,1,6.7
Prince Street Pizza,27 Prince St,New York,10012,US,40.7230533,-73.9945497,1,4.5,2591,8.605633803,142,1222,8.605673759,141,1213.4,0,0,0,8.6,1,8.6
Proto's Pizza,50 2nd Ave,New York,10003,US,40.7253326,-73.9898267,1,4,86,7.283333333,12,87.4,7.290909091,11,80.2,0,0,0,7.2,1,7.2
Prova Pizzabar,89 E 42nd St,New York,10017,US,40.7527277,-73.9772353,1,3,75,6.019047619,21,126.4,5.878947368,19,111.7,7.3,1,7.3,7.4,1,7.4
Pugsley's Pizza,590 E 191st St,Bronx,10458,US,40.8587693,-73.8848374,1,4.5,121,8.011111111,27,216.3,7.992,25,199.8,8.8,1,8.8,7.7,1,7.7
Pushcart Pizzeria,117 Salem St,Boston,2113,US,42.3645242,-71.0553969,2,3.5,253,7.1625,16,114.6,7.253333333,15,108.8,0,0,0,5.8,1,5.8
Radio City Pizza,142 West 49th St,New York,10019,US,40.7599841,-73.9828704,1,3.5,48,6.025,12,72.3,5.92,10,59.2,7,1,7,6.1,1,6.1
Ralph's Pizzeria,564 Franklin Ave,Nutley,7110,US,40.8249129,-74.1531269,2,3.5,219,8.286842105,114,944.7,8.281415929,113,935.8,0,0,0,8.9,1,8.9
Re Sette,7 W 45th St,New York,10036,US,40.7559546,-73.9800255,3,3.5,319,7.5,2,15,0,0,0,7.9,1,7.9,7.1,1,7.1
Red's Savoy Pizza,18 University Ave NE,Minneapolis,55413,US,44.9885135,-93.25699,2,4,21,6.9,4,27.6,5.9,2,11.8,8.7,1,8.7,7.1,1,7.1
Regina Pizzeria,11 1/2 Thacher St,Boston,2113,US,42.3654462,-71.057066,2,4,1743,8.712755102,196,1707.7,8.710769231,195,1698.6,0,0,0,9.1,1,9.1
Regina Pizzeria,350 Trolley Line Blvd,Mashantucket,6338,US,41.4733358,-71.9600034,0,3,16,5.969230769,13,77.6,5.972727273,11,65.7,5.5,1,5.5,6.4,1,6.4
Rico's Pizza,5404 W 25th Ave,Gary,46406,US,41.5737628,-87.4037838,1,3,12,3.15,2,6.3,3.1,1,3.1,0,0,0,3.2,1,3.2
Riko's Pizza,886 Hope St,Stamford,6907,US,41.0893349,-73.5184796,2,3.5,62,7.5,14,105,7.446153846,13,96.8,0,0,0,8.2,1,8.2
Rinas Pizzeria & Cafe,371 Hanover St,Boston,2113,US,42.364888,-71.0531419,1,4,137,6.736842105,19,128,6.738888889,18,121.3,0,0,0,6.7,1,6.7
Rivoli Pizza,180 7th Ave S,New York,10014,US,40.7360738,-74.0016678,1,3.5,14,6.255555556,9,56.3,6.0625,8,48.5,0,0,0,7.8,1,7.8
Rizzo's Fine Pizza,17 Clinton St,New York,10002,US,40.72084,-73.98434,2,4.5,669,8.13125,32,260.2,8.116129032,31,251.6,0,0,0,8.6,1,8.6
Roberta's,261 Moore St,Brooklyn,11206,US,40.7050886,-73.9335742,2,4,2615,8.55,22,188.1,8.576190476,21,180.1,0,0,0,8,1,8
Rocco's Pizza Joint,162 7th Ave,New York,10011,US,40.7421817,-73.9974193,1,3.5,96,7.08,25,177,7.033333333,24,168.8,0,0,0,8.2,1,8.2
Rocco's Pizzeria,79 Beach Rd,Vineyard Haven,2568,US,41.4524,-70.5988606,1,4,32,7.2,2,14.4,7.5,1,7.5,0,0,0,6.9,1,6.9
Rock Pizza Scissors,Broadway Between 42nd And 43rd St,New York,10036,US,40.757071,-73.9876474,0,3.5,14,6.066666667,6,36.4,5.7,5,28.5,0,0,0,7.9,1,7.9
Rocky's Number II,607 2nd Ave,New York,10016,US,40.7443961,-73.976455,1,3.5,286,5.7,7,39.9,6.183333333,6,37.1,0,0,0,2.8,1,2.8
Rocky's Pizza 14th St,304 W 14th St,New York,10014,US,40.739882,-74.0033717,1,3,137,5.38,5,26.9,6.375,4,25.5,0,0,0,1.4,1,1.4
Rosario's Pizza,173 Orchard St,New York,10002,US,40.7216286,-73.9886492,1,3.5,261,6.058333333,12,72.7,6.145454545,11,67.6,0,0,0,5.1,1,5.1
Rosa's Pizza,7559 Metropolitan Ave,Middle Village,11379,US,40.7133121,-73.8754214,1,3.5,82,8.388888889,9,75.5,8.6,8,68.8,0,0,0,6.7,1,6.7
Rosemary's Pizza,1 Perry St,New York,10014,US,40.7359857,-74.0009892,0,4,35,7.766666667,3,23.3,7.95,2,15.9,0,0,0,7.4,1,7.4
Rosie's Subs and Pizza,305 Pond St,Braintree,2184,US,42.1985494,-71.021315,1,3.5,48,8.142857143,28,228,8.103703704,27,218.8,0,0,0,9.2,1,9.2
Rossetti's Pizza,114 6th Ave,New York,10013,US,40.7237259,-74.0044625,1,2.5,28,6.2,1,6.2,0,0,0,0,0,0,6.2,1,6.2
Royal Pizza,592 3rd Ave,New York,10016,US,40.7488024,-73.9762776,1,3.5,109,6.855555556,18,123.4,6.817647059,17,115.9,0,0,0,7.5,1,7.5
Rubby's Pizzeria,57th St & 10th Ave,New York,10019,US,40.767267,-73.9841435,1,3.5,13,1.2,1,1.2,0,0,0,0,0,0,1.2,1,1.2
Rubirosa,235 Mulberry St,New York,10012,US,NA,NA,2,4,1842,8.6875,40,347.5,8.702564103,39,339.4,0,0,0,8.1,1,8.1
Saba's Pizza,1217 Lexington Ave,New York,10128,US,40.7770858,-73.9571289,1,3.5,59,7.492592593,27,202.3,7.457692308,26,193.9,0,0,0,8.4,1,8.4
Sacco Pizza,819 9th Ave,New York,10019,US,40.7662387,-73.9872728,1,4,365,7.779166667,24,186.7,7.765217391,23,178.6,0,0,0,8.1,1,8.1
Sal & Carmine's Pizza,2671 Broadway,New York,10025,US,40.7983829,-73.969439,1,4,324,7.435294118,17,126.4,7.45,16,119.2,0,0,0,7.2,1,7.2
Sally's Apizza,237 Wooster St,New Haven,6511,US,41.3031003,-72.9200566,2,3.5,559,8.943065693,137,1225.2,8.941176471,136,1216,0,0,0,9.2,1,9.2
Sal's Little Italy,384 Broome St,New York,10013,US,40.7206081,-73.9965332,2,3.5,276,7.75,30,232.5,7.737931034,29,224.4,0,0,0,8.1,1,8.1
Sal's Pizzeria,544 Lorimer St,Brooklyn,11211,US,40.7132095,-73.9491414,1,3.5,171,7.32,5,36.6,7.475,4,29.9,0,0,0,6.7,1,6.7
Saluggi's,325 Church St,New York,10013,US,40.7200998,-74.0035903,2,4,541,7.985185185,27,215.6,7.976923077,26,207.4,0,0,0,8.2,1,8.2
Salvo's Pizzabar,1477 York Ave,New York,10075,US,40.7709244,-73.951134,2,4,250,7.808333333,12,93.7,7.809090909,11,85.9,0,0,0,7.8,1,7.8
Santarpio's Pizza,111 Chelsea St,Boston,2128,US,42.37266,-71.0352918,2,4,1117,8.444516129,62,523.56,8.46,60,507.6,7.76,1,7.76,8.2,1,8.2
Santillo's Brick Oven Pizza,639 S Broad St,Elizabeth,7202,US,40.6489809,-74.2166257,2,4,277,8.085,40,323.4,8.079487179,39,315.1,0,0,0,8.3,1,8.3
Santucci's Original Square Pizza,901 S 10th St,Philadelphia,19147,US,39.9390309,-75.1592238,2,4,392,7.483333333,12,89.8,7.481818182,11,82.3,0,0,0,7.5,1,7.5
Sauce Pizzeria,345 E 12th St,New York,10003,US,40.7304367,-73.9839514,0,4.5,98,8.942971888,249,2226.8,8.94233871,248,2217.7,0,0,0,9.1,1,9.1
Scarr's Pizza,22 Orchard St,New York,10002,US,40.7153411,-73.991428,1,4,210,7.915789474,19,150.4,7.927777778,18,142.7,0,0,0,7.7,1,7.7
Secret Pizza,3708 Las Vegas Blvd S,Las Vegas,89109,US,36.1099462,-115.1753911,1,4,4479,6.051282051,39,236,6.121052632,38,232.6,0,0,0,3.4,1,3.4
Serafina Broadway,210 West 55th St,New York,10019,US,40.7644023,-73.9819469,2,3,541,8.966666667,3,26.9,8.6,1,8.6,11,1,11,7.3,1,7.3
Serafina Meatpacking,7 Ninth Ave,New York,10014,US,40.739633,-74.006657,2,3,263,7.6,2,15.2,7.4,1,7.4,0,0,0,7.8,1,7.8
Sfila Pizza,866 9th Ave,New York,10019,US,40.767519,-73.98569,2,3.5,7,7.68,5,38.4,7.633333333,3,22.9,7.8,1,7.8,7.7,1,7.7
Sicilia Fine Italian Specialties,22 E Frambes Ave,Columbus,43201,US,40.0051012,-83.0083149,1,3,45,6.968421053,19,132.4,6.972222222,18,125.5,0,0,0,6.9,1,6.9
SIMÒ PIZZA,90-92 Gansevoort St,New York,10014,US,40.7392955,-74.0087429,1,4.5,78,7.35,2,14.7,7.9,1,7.9,0,0,0,6.8,1,6.8
Slice Downtown,85 Poplar St NW,Atlanta,30303,US,33.756896,-84.3900344,2,3.5,172,6.275,4,25.1,6.1,3,18.3,0,0,0,6.8,1,6.8
Slice Of Edgartown,10 Dock St,Edgartown,2539,US,41.3892499,-70.5120708,1,3.5,11,5.233333333,3,15.7,5.95,2,11.9,0,0,0,3.8,1,3.8
Snacks,3600 S Las Vegas Blvd,Las Vegas,89109,US,36.1125269,-115.175947,2,3,83,5.46,5,27.3,5.766666667,3,17.3,5,1,5,5,1,5
Sofia Pizza Shoppe,989 1st Ave,New York,10022,US,40.7566759,-73.9643508,1,4.5,156,7.718181818,11,84.9,7.7,10,77,0,0,0,7.9,1,7.9
Solo Pizza,27 Avenue B,New York,10009,US,40.7222599,-73.9829462,1,4,175,5.94,5,29.7,5.9,4,23.6,0,0,0,6.1,1,6.1
Song E Napule,146 W Houston St,New York,10012,US,40.7281815,-74.0018494,2,4.5,371,8.275,4,33.1,8.45,2,16.9,8.5,1,8.5,7.7,1,7.7
Sophie T's Pizza,7 Daves St,Nantucket,2554,US,41.2729464,-70.0917998,2,3.5,16,7.25,2,14.5,7.3,1,7.3,0,0,0,7.2,1,7.2
Sorbillo Pizzeria,334 Bowery,New York,10012,US,40.7260551,-73.9923001,2,4,143,7.92,5,39.6,8.125,4,32.5,0,0,0,7.1,1,7.1
Sottosuolo NYC,122 E 27th St,New York,10016,US,40.7421252,-73.9836267,2,4,37,6.3,1,6.3,0,0,0,0,0,0,6.3,1,6.3
Sparky's Pizzeria and Grill,224 Parkstone Pl,Jackson,38305,US,35.6738093,-88.7794935,2,3.5,13,5.233333333,3,15.7,4.25,2,8.5,0,0,0,7.2,1,7.2
Speedy Romeo,63 Clinton St,New York,10002,US,40.719503,-73.985142,2,4,256,7.616666667,12,91.4,7.554545455,11,83.1,0,0,0,8.3,1,8.3
Stage Door Pizza,26 Vesey St,New York,10007,US,40.712115,-74.0097029,1,4,225,6.8125,16,109,6.773333333,15,101.6,0,0,0,7.4,1,7.4
Stanton Pizza,127 Stanton St,New York,10002,US,40.7207424,-73.9866989,1,4,188,3.233333333,3,9.7,3.65,2,7.3,0,0,0,2.4,1,2.4
Star Tavern,400 High St,Orange,7050,US,40.7832845,-74.2255033,2,4,698,8.123913043,46,373.7,8.146666667,45,366.6,0,0,0,7.1,1,7.1
Starbucks Reserve Roastery,61 9th Ave,New York,10011,US,40.7416944,-74.0056597,2,4,153,6.8,1,6.8,0,0,0,0,0,0,6.8,1,6.8
Steamboat Wharf Pizza,10 Broad St,Nantucket,2554,US,41.2853859,-70.0982049,2,2.5,27,7.3375,8,58.7,7.242857143,7,50.7,0,0,0,8,1,8
Stella's Pizza,110 9th Ave,New York,10011,US,40.7429242,-74.0036349,1,3,117,6.171428571,7,43.2,6.166666667,6,37,0,0,0,6.2,1,6.2
Steve's Pizza,110 Trinity Pl,New York,10006,US,40.7095045,-74.0120408,1,3.5,162,3.7375,8,29.9,3.957142857,7,27.7,0,0,0,2.2,1,2.2
Steve's Pizza,12101 Biscayne Blvd,Miami,33181,US,25.8877393,-80.1639536,1,3.5,744,7.5,7,52.5,7.6,6,45.6,0,0,0,6.9,1,6.9
Stromboli Pizza,83 Saint Marks Pl,New York,10003,US,40.7278516,-73.9853674,1,3.5,206,7.57,20,151.4,7.536842105,19,143.2,0,0,0,8.2,1,8.2
Sutton Pizzeria,1140 1st Ave,New York,10065,US,40.7618037,-73.9601575,1,4,93,6.3,1,6.3,0,0,0,0,0,0,6.3,1,6.3
Tavola,488 9th Ave,New York,10018,US,40.7554122,-73.9945527,2,4,812,5.15,2,10.3,4,1,4,0,0,0,6.3,1,6.3
Teresa's Brick Oven Pizza & Cafe,51 W 51st St,New York,10019,US,40.7603402,-73.9790395,1,3,95,6.592307692,13,85.7,6.533333333,12,78.4,0,0,0,7.3,1,7.3
The Grotto Pizzeria & Ristorante,69 New St,New York,10004,US,40.63597,-74.1312791,1,3.5,129,5.42,5,27.1,5.95,4,23.8,0,0,0,3.3,1,3.3
The New Park Tavern,250 Park Ave,East Rutherford,7073,US,40.8291884,-74.1001832,2,3.5,148,7.623529412,17,129.6,7.6125,16,121.8,0,0,0,7.8,1,7.8
The O Patio & Pub,12 E 15th Ave,Columbus,43201,US,40.0001458,-83.00761,1,2.5,15,6.65,2,13.3,6.9,1,6.9,0,0,0,6.4,1,6.4
The Original Goodfella's Brick Oven Pizza,1718 Hylan Blvd,Staten Island,10305,US,40.5867953,-74.0914961,2,4,219,7.42,10,74.2,7.488888889,9,67.4,0,0,0,6.8,1,6.8
The Original Impellizeri's Pizza,110 W Main St,Louisville,40202,US,38.2557701,-85.7522846,2,3.5,134,6.57,10,65.7,6.675,8,53.4,6.5,1,6.5,5.8,1,5.8
The Post,1045 Goss Ave,Louisville,40217,US,38.2276706,-85.7354161,2,4,407,6.6,21,138.6,6.92,20,138.4,0,0,0,0.2,1,0.2
The Wig & Pen Pizza Pub,1220 Hwy 6 W,Iowa City,52246,US,41.6667105,-91.5591346,2,4,182,7.67,10,76.7,7.733333333,9,69.6,0,0,0,7.1,1,7.1
The Woodstock,446 W 14th St,New York,10014,US,40.7415865,-74.0075955,2,3.5,70,7.266666667,3,21.8,7.2,2,14.4,0,0,0,7.4,1,7.4
Tony Boloney's,263 1st St,Hoboken,7030,US,40.7379143,-74.0342961,2,3.5,477,7.173333333,15,107.6,7.2,14,100.8,0,0,0,6.8,1,6.8
Tony's Pizza,355 Graham Ave,Brooklyn,11211,US,40.7150459,-73.9447162,1,3.5,150,7.628571429,7,53.4,7.583333333,6,45.5,0,0,0,7.9,1,7.9
Tony's Place,188 Baker St,West Roxbury,2132,US,42.2760134,-71.1672475,2,3,71,8.22,15,123.3,8.2,14,114.8,0,0,0,8.5,1,8.5
Totonno's,1524 Neptune Ave,Brooklyn,11224,US,40.5788542,-73.9838179,2,4,744,8.776923077,39,342.3,8.794736842,38,334.2,0,0,0,8.1,1,8.1
Town Spa Pizza,1119 Washington St,Stoughton,2072,US,42.1149423,-71.1011701,2,3.5,407,8.552459016,61,521.7,8.545,60,512.7,0,0,0,9,1,9
Tre Sorelle,61 Reade St,New York,10007,US,40.714805,-74.006577,2,3.5,136,6.9,4,27.6,7.45,2,14.9,6,1,6,6.7,1,6.7
Two Boots West Village,201 W 11th St,New York,10014,US,40.7367059,-74.0014372,1,3.5,234,6.6,1,6.6,0,0,0,0,0,0,6.6,1,6.6
Umberto's Pizzeria & Restaurant,633 Jericho Tpke,New Hyde Park,11040,US,40.7323691,-73.6874204,2,4,643,8.185714286,56,458.4,8.178181818,55,449.8,0,0,0,8.6,1,8.6
Uncle Mario's Brick Oven Pizza,739 9th Ave,New York,10019,US,40.7634874,-73.9891893,2,3,423,7.011111111,9,63.1,7,8,56,0,0,0,7.1,1,7.1
Uncle Paul's Pizza,70 Vanderbilt Ave,New York,10017,US,40.7548319,-73.9768992,2,3.5,323,6.142857143,14,86,6.223076923,13,80.9,0,0,0,5.1,1,5.1
Underground Pizza,3 Hanover Sq,New York,10004,US,40.7049944,-74.0096537,1,4,261,7.028571429,7,49.2,7.216666667,6,43.3,0,0,0,5.9,1,5.9
Upside Pizza,598 8th Ave,New York,10018,US,40.755125,-73.9910524,0,4,55,7.536842105,19,143.2,7.544444444,18,135.8,0,0,0,7.4,1,7.4
Va Bene,1589 2nd Ave,New York,10028,US,40.775677,-73.9536392,3,3,73,6.4,1,6.4,0,0,0,0,0,0,6.4,1,6.4
Vesta Wood Fired Pizza & Bar,64 Hoboken Rd,East Rutherford,7073,US,40.8340373,-74.0902719,2,4,370,6.325,8,50.6,6.2,7,43.4,0,0,0,7.2,1,7.2
Village Pizza,65 8th Ave,New York,10014,US,40.7392653,-74.0031865,1,4,122,7.5,5,37.5,7.65,4,30.6,0,0,0,6.9,1,6.9
Vinnie's Pizzeria,1603 2nd Ave,New York,10028,US,40.7762259,-73.9532948,1,3,104,7.135294118,17,121.3,7.16,15,107.4,6.8,1,6.8,7.1,1,7.1
Vinny Vincenz,231 1st Ave,New York,10003,US,40.7312068,-73.9831636,1,3.5,185,7.496296296,27,202.4,7.461538462,26,194,0,0,0,8.4,1,8.4
Vito's Pizza,2455 Santa Monica Blvd,Santa Monica,90404,US,34.0326451,-118.4755043,2,3.5,246,7.895652174,23,181.6,7.881818182,22,173.4,0,0,0,8.2,1,8.2
Wedgewood Fernando's Pizza - Austintown,1622 S Raccoon Rd,Youngstown,44515,US,41.084449,-80.732878,1,4,57,7.92,5,39.6,8.1,4,32.4,0,0,0,7.2,1,7.2
Wild,535 Hudson St,New York,10014,US,40.734617,-74.0063544,2,3.5,358,4.1,1,4.1,0,0,0,0,0,0,4.1,1,4.1
Williamsburg Pizza,265 Union Ave,Brooklyn,11211,US,40.7080823,-73.9509034,1,3,281,7.774074074,27,209.9,7.742307692,26,201.3,0,0,0,8.6,1,8.6
XS Nightclub,3131 Las Vegas Blvd S,Las Vegas,89109,US,36.1271069,-115.1648303,3,4,3187,5.5,2,11,3.2,1,3.2,0,0,0,7.8,1,7.8
Yankee Pizza,181 Ave C,New York City,10009,US,40.7266819,-73.9772637,1,3,30,4.366666667,3,13.1,4.15,2,8.3,0,0,0,4.8,1,4.8
Young Joni,165 13th Ave NE,Minneapolis,55413,US,45.0010473,-93.266725,2,4.5,489,8.130434783,23,187,8.154545455,22,179.4,0,0,0,7.6,1,7.6
Z Deli Pizzeria,803 8th Ave,New York,10019,US,40.7614264,-73.9869946,1,3.5,71,3.8,3,11.4,4.15,2,8.3,0,0,0,3.1,1,3.1
Zia Maria-Chelsea,318 W 23rd St,New York,10011,US,40.7454027,-73.9993382,2,4,192,7.575,4,30.3,7.733333333,3,23.2,0,0,0,7.1,1,7.1
